{
  "collapse-filter": true,
  "search": "",
  "showTags": false,
  "showAttachments": false,
  "hideUnresolved": false,
  "showOrphans": true,
  "collapse-color-groups": true,
  "colorGroups": [
    {
      "query": "[\"type\":Session]",
      "color": {
        "a": 1,
        "rgb": 14701138
      }
    },
    {
      "query": "[\"type\":NPC",
      "color": {
        "a": 1,
        "rgb": 14725458
      }
    },
    {
      "query": "[\"type\":Player]",
      "color": {
        "a": 1,
        "rgb": 11657298
      }
    },
    {
      "query": "[\"type\":City]",
      "color": {
        "a": 1,
        "rgb": 8705520
      }
    },
    {
      "query": "[\"type\":Kingdom",
      "color": {
        "a": 1,
        "rgb": 16517
      }
    }
  ],
  "collapse-display": true,
  "showArrow": false,
  "textFadeMultiplier": 0,
  "nodeSizeMultiplier": 1,
  "lineSizeMultiplier": 1,
  "collapse-forces": false,
  "centerStrength": 0.214274088541667,
  "repelStrength": 20,
  "linkStrength": 1,
  "linkDistance": 209,
  "scale": 0.14819342205904643,
  "close": true
}