{
  "main": {
    "id": "5324373015726ba8",
    "type": "split",
    "children": [
      {
        "id": "4509724f8bf84da7",
        "type": "tabs",
        "children": [
          {
            "id": "e7a7b303c61786dc",
            "type": "leaf",
            "state": {
              "type": "markdown",
              "state": {
                "file": "Compendium/Lore/Players/Lyra.md",
                "mode": "source",
                "source": false
              },
              "icon": "lucide-file",
              "title": "Lyra"
            }
          }
        ]
      }
    ],
    "direction": "vertical"
  },
  "left": {
    "id": "37f4532ca2b5b4a0",
    "type": "mobile-drawer",
    "children": [
      {
        "id": "4c4a50206238e891",
        "type": "leaf",
        "state": {
          "type": "file-explorer",
          "state": {
            "sortOrder": "alphabetical",
            "autoReveal": false
          },
          "icon": "lucide-folder-closed",
          "title": "Files"
        }
      },
      {
        "id": "60f6f32690acc886",
        "type": "leaf",
        "state": {
          "type": "search",
          "state": {
            "query": "",
            "matchingCase": false,
            "explainSearch": false,
            "collapseAll": false,
            "extraContext": false,
            "sortOrder": "alphabetical"
          },
          "icon": "lucide-search",
          "title": "Search"
        }
      },
      {
        "id": "50655c5a8285d26b",
        "type": "leaf",
        "state": {
          "type": "tag",
          "state": {
            "sortOrder": "frequency",
            "useHierarchy": true,
            "showSearch": false,
            "searchQuery": ""
          },
          "icon": "lucide-tags",
          "title": "Tags"
        }
      },
      {
        "id": "eed21d08ea227951",
        "type": "leaf",
        "state": {
          "type": "bookmarks",
          "state": {},
          "icon": "lucide-bookmark",
          "title": "Bookmarks"
        }
      }
    ],
    "currentTab": 0
  },
  "right": {
    "id": "8f6fb3138e83c6a1",
    "type": "mobile-drawer",
    "children": [
      {
        "id": "8d35f214b90dba7e",
        "type": "leaf",
        "state": {
          "type": "backlink",
          "state": {
            "file": "The Slip Overview.md",
            "collapseAll": false,
            "extraContext": false,
            "sortOrder": "alphabetical",
            "showSearch": false,
            "searchQuery": "",
            "backlinkCollapsed": false,
            "unlinkedCollapsed": true
          },
          "icon": "links-coming-in",
          "title": "Backlinks"
        }
      },
      {
        "id": "d28d2308f295b672",
        "type": "leaf",
        "state": {
          "type": "outgoing-link",
          "state": {
            "linksCollapsed": false,
            "unlinkedCollapsed": true
          },
          "icon": "links-going-out",
          "title": "Outgoing links"
        }
      },
      {
        "id": "ca7673bcce25d12c",
        "type": "leaf",
        "state": {
          "type": "outline",
          "state": {
            "followCursor": false,
            "showSearch": false,
            "searchQuery": ""
          },
          "icon": "lucide-list",
          "title": "Outline"
        }
      },
      {
        "id": "a73d8e2e8f08851d",
        "type": "leaf",
        "state": {
          "type": "DICE_ROLLER_VIEW",
          "state": {},
          "icon": "dices",
          "title": "Dice Tray"
        }
      },
      {
        "id": "5c3b9fcab40422d7",
        "type": "leaf",
        "state": {
          "type": "initiative-tracker-view",
          "state": {},
          "icon": "initiative-tracker",
          "title": "Initiative Tracker"
        }
      }
    ],
    "currentTab": 3
  },
  "left-ribbon": {
    "hiddenItems": {
      "switcher:Open quick switcher": false,
      "graph:Open graph view": false,
      "canvas:Create new canvas": false,
      "daily-notes:Open today's daily note": false,
      "templates:Insert template": false,
      "command-palette:Open command palette": false,
      "iconic:Open rulebook": false,
      "pexels-banner:🚩 Pixel Banner Menu": false,
      "homepage:Open homepage": false,
      "obsidian-5e-statblocks:Open Creature pane": false,
      "initiative-tracker:Initiative Tracker Encounter Builder": false
    }
  },
  "active": "e7a7b303c61786dc",
  "lastOpenFiles": [
    "The Slip Overview.md",
    "Obu.md",
    "Compendium/Sessions/Session 2.md",
    "Compendium/Sessions/Session 3.md",
    "Compendium/Sessions/Session 4.md",
    "Compendium/Sessions/Session 0.md",
    "Compendium/Sessions/Session 1.md",
    "Compendium/Sessions/Session 5.md",
    "Templates/daily-note-template.md",
    "Templates",
    "Life/Daily Notes/2025-06-24.md",
    "Life/Daily Notes",
    "Life",
    "Hobbies/D&D - The Slip/Lore/Locations/Whuaz Khanate/Nonowon.md",
    "Hobbies/D&D - The Slip/Lore/Locations/Whuaz Khanate/Whuaz Khanate.md",
    "Hobbies/D&D - The Slip/Lore/Locations/Florian Commonwealth/Florian Commonwealth.md",
    "Hobbies/D&D - The Slip/Lore/Locations/Florian Commonwealth/Varadinium.md",
    "Hobbies/D&D - The Slip/Lore/Locations/Republic of Oricia/Republic of Oricia.md",
    "Hobbies/D&D - The Slip/Lore/Locations/Republic of Oricia/Consentia.md",
    "Hobbies/D&D - The Slip/Lore/Locations/Ospesh Empire/Ospesh Empire.md",
    "Hobbies/D&D - The Slip/Lore/Locations/Ospesh Empire/Alistan.md",
    "Hobbies/D&D - The Slip/Lore/Locations/Sceca/Stormfall.md",
    "Hobbies/D&D - The Slip/Lore/Locations/Sceca/Sceca.md",
    "Hobbies/D&D - The Slip/Lore/Locations/Aplaria/Kokeri.md",
    "Hobbies/D&D - The Slip/Lore/Locations/Aplaria/Aplaria.md",
    "Hobbies/D&D - The Slip/Lore/Locations/Tylian Kingdom/Arcabourne.md",
    "Hobbies/D&D - The Slip/Lore/Locations/Tylian Kingdom/Tylian Kingdom.md",
    "Hobbies/D&D - The Slip/Lore/Locations/Agadir Sultanate/Wadan.md",
    "Hobbies/D&D - The Slip/Lore/Locations/Agadir Sultanate/Agadir Sultanate.md",
    "Hobbies/D&D - The Slip/Resources/Maps/blank_world_map.png",
    "Hobbies/D&D - The Slip/Resources/Maps/marked_world_map.png",
    "Hobbies/D&D - The Slip/Lore/Locations/Whuaz Khanate",
    "Hobbies/D&D - The Slip/Lore/Locations/Florian Commonwealth",
    "Hobbies/D&D - The Slip/Lore/Locations/Republic of Oricia",
    "Hobbies/D&D - The Slip/Lore/Locations/Ospesh Empire",
    "Hobbies/D&D - The Slip/Lore/Locations/Sceca",
    "Hobbies/D&D - The Slip/Lore/Locations/Aplaria",
    "Hobbies/D&D - The Slip/Lore/Locations/Tylian Kingdom",
    "Hobbies/D&D - The Slip/Resources/Pax_profile_image.png",
    "Hobbies/D&D - The Slip/Resources/heist_information.webp",
    "Hobbies/D&D - The Slip/Resources/grung.jpeg",
    "D&D - The Slip/Resources/grung.jpeg",
    "D&D - The Slip/Resources/heist_information.webp",
    "D&D - The Slip/Resources/Pax_profile_image.png"
  ]
}