{
  "main": {
    "id": "5324373015726ba8",
    "type": "split",
    "children": [
      {
        "id": "4509724f8bf84da7",
        "type": "tabs",
        "children": [
          {
            "id": "e7a7b303c61786dc",
            "type": "leaf",
            "state": {
              "type": "markdown",
              "state": {
                "file": "Compendium/Lore/Other Lore/Vardin.md",
                "mode": "source",
                "source": false
              },
              "icon": "lucide-file",
              "title": "Vardin"
            }
          }
        ]
      }
    ],
    "direction": "vertical"
  },
  "left": {
    "id": "4abed113054b55cb",
    "type": "split",
    "children": [
      {
        "id": "d118e9b4a0295457",
        "type": "tabs",
        "children": [
          {
            "id": "0a5b8f6cbe72bd53",
            "type": "leaf",
            "state": {
              "type": "file-explorer",
              "state": {
                "sortOrder": "alphabetical",
                "autoReveal": true
              },
              "icon": "lucide-folder-closed",
              "title": "Files"
            }
          },
          {
            "id": "2b1ec0c07bdc163d",
            "type": "leaf",
            "state": {
              "type": "bookmarks",
              "state": {},
              "icon": "lucide-bookmark",
              "title": "Bookmarks"
            }
          }
        ]
      }
    ],
    "direction": "horizontal",
    "width": 200
  },
  "right": {
    "id": "5a50fdf1da168ca0",
    "type": "split",
    "children": [
      {
        "id": "4298a0e086d43449",
        "type": "tabs",
        "dimension": 71.73333333333333,
        "children": [
          {
            "id": "ec898e734d556c59",
            "type": "leaf",
            "state": {
              "type": "search",
              "state": {
                "query": "",
                "matchingCase": false,
                "explainSearch": false,
                "collapseAll": false,
                "extraContext": false,
                "sortOrder": "alphabetical"
              },
              "icon": "lucide-search",
              "title": "Search"
            }
          },
          {
            "id": "1a5f27e0022704c4",
            "type": "leaf",
            "state": {
              "type": "backlink",
              "state": {
                "file": "Obu.md",
                "collapseAll": false,
                "extraContext": false,
                "sortOrder": "alphabetical",
                "showSearch": false,
                "searchQuery": "",
                "backlinkCollapsed": false,
                "unlinkedCollapsed": true
              },
              "icon": "links-coming-in",
              "title": "Backlinks for Obu"
            }
          },
          {
            "id": "a846c5eaa5151a3a",
            "type": "leaf",
            "state": {
              "type": "outgoing-link",
              "state": {
                "file": "Compendium/Sessions/Session 7.md",
                "linksCollapsed": false,
                "unlinkedCollapsed": false
              },
              "icon": "links-going-out",
              "title": "Outgoing links from Session 7"
            }
          },
          {
            "id": "708a3a02a24b7fdc",
            "type": "leaf",
            "state": {
              "type": "tag",
              "state": {
                "sortOrder": "frequency",
                "useHierarchy": true,
                "showSearch": false,
                "searchQuery": ""
              },
              "icon": "lucide-tags",
              "title": "Tags"
            }
          },
          {
            "id": "9383544d4c333d3b",
            "type": "leaf",
            "state": {
              "type": "outline",
              "state": {
                "file": "Life/Daily Notes/2025-06-24.md",
                "followCursor": false,
                "showSearch": false,
                "searchQuery": ""
              },
              "icon": "lucide-list",
              "title": "Outline of 2025-06-24"
            }
          },
          {
            "id": "3dfabbacb5869737",
            "type": "leaf",
            "state": {
              "type": "DICE_ROLLER_VIEW",
              "state": {},
              "icon": "dices",
              "title": "Dice Tray"
            }
          },
          {
            "id": "69c45ece7fbee12a",
            "type": "leaf",
            "state": {
              "type": "initiative-tracker-view",
              "state": {},
              "icon": "initiative-tracker",
              "title": "Initiative Tracker"
            }
          }
        ],
        "currentTab": 5
      },
      {
        "id": "c8ec8bcc3ae1df4f",
        "type": "tabs",
        "dimension": 28.26666666666667,
        "children": [
          {
            "id": "e9064862e83961a6",
            "type": "leaf",
            "state": {
              "type": "fantasy-statblocks-creature-pane",
              "state": {},
              "icon": "skull",
              "title": "Combatant"
            }
          }
        ]
      }
    ],
    "direction": "horizontal",
    "width": 297,
    "collapsed": true
  },
  "left-ribbon": {
    "hiddenItems": {
      "homepage:Open homepage": false,
      "switcher:Open quick switcher": false,
      "graph:Open graph view": false,
      "canvas:Create new canvas": false,
      "daily-notes:Open today's daily note": false,
      "templates:Insert template": false,
      "command-palette:Open command palette": false,
      "iconic:Open rulebook": false,
      "pexels-banner:🚩 Pixel Banner Menu": false,
      "obsidian-5e-statblocks:Open Creature pane": false,
      "initiative-tracker:Initiative Tracker Encounter Builder": false
    }
  },
  "active": "e7a7b303c61786dc",
  "lastOpenFiles": [
    "Compendium/Lore/Other Lore/The Slip.md",
    "The Slip Overview.md",
    "Compendium/Lore/Locations/Tylian Kingdom/Arcabourne.md",
    "Compendium/Lore/Players/Desmond.md",
    "Compendium/Sessions/Session 8.md",
    "Compendium/Sessions/Session 0.md",
    "Compendium/Lore/Monsters/Longing Root.md",
    "Compendium/Lore/Monsters/Thornbrood Swarm.md",
    "Compendium/Lore/Monsters/Skyrend Vulture.md",
    "Compendium/Lore/Monsters/Crucible Husk.md",
    "Compendium/Lore/Monsters/Echo Whorl.md",
    "Compendium/Lore/Monsters/Black Thaw.md",
    "Compendium/Lore/Monsters/Weeper.md",
    "Compendium/Lore/Monsters/Untitled",
    "Compendium/Lore/Monsters/Shrike.md",
    "Compendium/Lore/Monsters/Lurker.md",
    "Compendium/Lore/Monsters/Wanderer.md",
    "Compendium/Lore/Monsters/Hollow.md",
    "Compendium/Lore/Monsters/Sentinel.md",
    "Compendium/Lore/Monsters/Spawning Pit.md",
    "Compendium/Lore/Monsters/Stalker.md",
    "Compendium/Lore/Monsters/The Stranger.md",
    "Compendium/Resources/Monsters/Weeper.png",
    "Compendium/Resources/Monsters/hollow.png",
    "Compendium/Resources/Monsters/theStranger.png",
    "Compendium/Resources/Monsters/pit.png",
    "Compendium/Resources/Monsters",
    "Compendium/Sessions/Session 7.md",
    "Compendium/Sessions/Session 4.md",
    "Compendium/Lore/Players/Lyra.md",
    "Compendium/Lore/NPCs/Greg.md",
    "Compendium/Lore/NPCs/Tellen.md",
    "Compendium/Resources/Character Images/Pax_profile_image.png",
    "Compendium/Resources/Character Images/grung.jpeg",
    "Compendium/Resources/Other/argyle_guild_badge.png",
    "Compendium/Lore/Monsters",
    "Compendium/Resources/Other/Unknwon Entity.png",
    "Templates",
    "Compendium/Resources/Other/heist_information.webp",
    "Compendium/Resources/Other",
    "Compendium/Resources/Character Sheets",
    "Compendium/Resources/Character Images",
    "Compendium/Resources/Character Sheets/Pax Character Sheet.pdf",
    "Compendium/Resources/Character Sheets/obu character sheet.pdf",
    "Compendium/Resources/Maps/marked_world_map.png",
    "Hobbies/Films & Shows",
    "Homepage.canvas"
  ]
}